<?xml version="1.0" encoding="UTF-8"?>
<metadata xml:lang="en"><Esri><CreaDate>20170116</CreaDate><CreaTime>13150300</CreaTime><ArcGISFormat>1.0</ArcGISFormat><SyncOnce>TRUE</SyncOnce><DataProperties><itemProps><itemLocation><linkage Sync="TRUE">file://\\COLT120B01\D$\KSDocs\2SampleWork\GeoData\AnnapolisCounty\AnnapolisCountyShpfiles\Annapolis_ALIP</linkage><protocol Sync="TRUE">Local Area Network</protocol></itemLocation></itemProps><copyHistory><copy source="D:\KSDocs\2SampleWork\GeoData\AnnapolisCounty\H2OArgiAreasAnnaCo\Annapolis_ALIP" dest="\\COLT120B01\D$\KSDocs\2SampleWork\GeoData\AnnapolisCounty\AnnapolisCountyShpfiles\Annapolis_ALIP" date="20170116" time="13150300"></copy></copyHistory></DataProperties></Esri></metadata>
