<?xml version="1.0" encoding="UTF-8"?>
<metadata xml:lang="en"><Esri><CreaDate>20170116</CreaDate><CreaTime>11460600</CreaTime><ArcGISFormat>1.0</ArcGISFormat><SyncOnce>TRUE</SyncOnce><DataProperties><itemProps><itemLocation><linkage Sync="TRUE">file://\\COLT120B01\D$\KSDocs\2SampleWork\GeoData\AnnapolisCounty\AnnapolisCountyShpfiles\Annapolis_rds</linkage><protocol Sync="TRUE">Local Area Network</protocol></itemLocation></itemProps><copyHistory><copy source="D:\KSDocs\2SampleWork\GeoData\AnnapolisCounty\AnnapolisCounty_Street_Network\Annapolis_rds" dest="\\COLT120B01\D$\KSDocs\2SampleWork\GeoData\AnnapolisCounty\AnnapolisCountyShpfiles\Annapolis_rds" date="20170116" time="11460600"></copy></copyHistory></DataProperties></Esri></metadata>
