<?xml version="1.0"?>
<!--<!DOCTYPE metadata SYSTEM "http://www.esri.com/metadata/esriprof80.dtd">-->
<metadata xml:lang="en"><Esri><CreaDate>20170116</CreaDate><CreaTime>11424400</CreaTime><SyncOnce>FALSE</SyncOnce><DataProperties><itemProps><itemName Sync="TRUE">AnnaCoForestDissolved</itemName><imsContentType Sync="TRUE">002</imsContentType><itemSize Sync="TRUE">57.548</itemSize><itemLocation><linkage Sync="TRUE">file://\\COLT120B01\D$\KSDocs\2SampleWork\GeoData\AnnapolisCounty\AnnapolisCountyShpfiles\AnnaCoForestDissolved.shp</linkage><protocol Sync="TRUE">Local Area Network</protocol></itemLocation><nativeExtBox><westBL Sync="TRUE">279791.750000</westBL><eastBL Sync="TRUE">359389.875000</eastBL><southBL Sync="TRUE">4909071.500000</southBL><northBL Sync="TRUE">4992508.500000</northBL><exTypeCode Sync="TRUE">1</exTypeCode></nativeExtBox></itemProps><coordRef><type Sync="TRUE">Projected</type><geogcsn Sync="TRUE">GCS_North_American_1983</geogcsn><projcsn Sync="TRUE">NAD_1983_UTM_Zone_20N</projcsn><peXml Sync="TRUE">&lt;ProjectedCoordinateSystem xsi:type='typens:ProjectedCoordinateSystem' xmlns:xsi='http://www.w3.org/2001/XMLSchema-instance' xmlns:xs='http://www.w3.org/2001/XMLSchema' xmlns:typens='http://www.esri.com/schemas/ArcGIS/10.4'&gt;&lt;WKT&gt;PROJCS[&amp;quot;NAD_1983_UTM_Zone_20N&amp;quot;,GEOGCS[&amp;quot;GCS_North_American_1983&amp;quot;,DATUM[&amp;quot;D_North_American_1983&amp;quot;,SPHEROID[&amp;quot;GRS_1980&amp;quot;,6378137.0,298.257222101]],PRIMEM[&amp;quot;Greenwich&amp;quot;,0.0],UNIT[&amp;quot;Degree&amp;quot;,0.0174532925199433]],PROJECTION[&amp;quot;Transverse_Mercator&amp;quot;],PARAMETER[&amp;quot;False_Easting&amp;quot;,500000.0],PARAMETER[&amp;quot;False_Northing&amp;quot;,0.0],PARAMETER[&amp;quot;Central_Meridian&amp;quot;,-63.0],PARAMETER[&amp;quot;Scale_Factor&amp;quot;,0.9996],PARAMETER[&amp;quot;Latitude_Of_Origin&amp;quot;,0.0],UNIT[&amp;quot;Meter&amp;quot;,1.0],AUTHORITY[&amp;quot;EPSG&amp;quot;,26920]]&lt;/WKT&gt;&lt;XOrigin&gt;-5120900&lt;/XOrigin&gt;&lt;YOrigin&gt;-9998100&lt;/YOrigin&gt;&lt;XYScale&gt;450445547.3910538&lt;/XYScale&gt;&lt;ZOrigin&gt;-100000&lt;/ZOrigin&gt;&lt;ZScale&gt;10000&lt;/ZScale&gt;&lt;MOrigin&gt;-100000&lt;/MOrigin&gt;&lt;MScale&gt;10000&lt;/MScale&gt;&lt;XYTolerance&gt;0.001&lt;/XYTolerance&gt;&lt;ZTolerance&gt;0.001&lt;/ZTolerance&gt;&lt;MTolerance&gt;0.001&lt;/MTolerance&gt;&lt;HighPrecision&gt;true&lt;/HighPrecision&gt;&lt;WKID&gt;26920&lt;/WKID&gt;&lt;LatestWKID&gt;26920&lt;/LatestWKID&gt;&lt;/ProjectedCoordinateSystem&gt;</peXml><csUnits Sync="TRUE">Linear Unit: Meter (1.000000)</csUnits></coordRef><lineage><Process ToolSource="C:\Program Files\ArcGIS\Desktop10.0\ArcToolbox\Toolboxes\Conversion Tools.tbx\FeatureClassToFeatureClass" Date="20121107" Time="181708">FeatureClassToFeatureClass D:\KSDocuments\SampleWork\GeoData\AnnaValley\ForestByCnty\annapolis\polygon D:\KSDocuments\SampleWork\GeoData\AnnapolisCounty AnnaCoForestUndissolved.shp # "AREA "AREA" false true true 4 Float 0 0 ,First,#,D:\KSDocuments\SampleWork\GeoData\AnnaValley\ForestByCnty\annapolis\polygon,AREA,-1,-1;PERIMETER "PERIMETER" false true true 4 Float 0 0 ,First,#,D:\KSDocuments\SampleWork\GeoData\AnnaValley\ForestByCnty\annapolis\polygon,PERIMETER,-1,-1;ANNAPOLIS_ "ANNAPOLIS_" false true true 4 Long 0 0 ,First,#,D:\KSDocuments\SampleWork\GeoData\AnnaValley\ForestByCnty\annapolis\polygon,ANNAPOLIS#,-1,-1;ANNAPOLIS1 "ANNAPOLIS1" true true true 4 Long 0 0 ,First,#,D:\KSDocuments\SampleWork\GeoData\AnnaValley\ForestByCnty\annapolis\polygon,ANNAPOLIS-ID,-1,-1;MAPSTAND_ "MAPSTAND_" true true false 13 Text 0 0 ,First,#,D:\KSDocuments\SampleWork\GeoData\AnnaValley\ForestByCnty\annapolis\polygon,MAPSTAND_,-1,-1;SPECIES "SPECIES" true true false 16 Text 0 0 ,First,#,D:\KSDocuments\SampleWork\GeoData\AnnaValley\ForestByCnty\annapolis\polygon,SPECIES,-1,-1;ALLHEIGHT "ALLHEIGHT" true true false 1 Text 0 0 ,First,#,D:\KSDocuments\SampleWork\GeoData\AnnaValley\ForestByCnty\annapolis\polygon,ALLHEIGHT,-1,-1;SS_SPECIES "SS_SPECIES" true true false 2 Text 0 0 ,First,#,D:\KSDocuments\SampleWork\GeoData\AnnaValley\ForestByCnty\annapolis\polygon,SS_SPECIES,-1,-1;HECTARES "HECTARES" true true false 4 Float 0 0 ,First,#,D:\KSDocuments\SampleWork\GeoData\AnnaValley\ForestByCnty\annapolis\polygon,HECTARES,-1,-1;FOR_NON "FOR_NON" true true false 4 Short 0 4 ,First,#,D:\KSDocuments\SampleWork\GeoData\AnnaValley\ForestByCnty\annapolis\polygon,FOR_NON,-1,-1;CRNCL "CRNCL" true true false 2 Short 0 2 ,First,#,D:\KSDocuments\SampleWork\GeoData\AnnaValley\ForestByCnty\annapolis\polygon,CRNCL,-1,-1;HEIGHT "HEIGHT" true true false 2 Short 0 2 ,First,#,D:\KSDocuments\SampleWork\GeoData\AnnaValley\ForestByCnty\annapolis\polygon,HEIGHT,-1,-1;SS_CRNCL "SS_CRNCL" true true false 2 Short 0 2 ,First,#,D:\KSDocuments\SampleWork\GeoData\AnnaValley\ForestByCnty\annapolis\polygon,SS_CRNCL,-1,-1;SS_HEIGHT "SS_HEIGHT" true true false 2 Short 0 2 ,First,#,D:\KSDocuments\SampleWork\GeoData\AnnaValley\ForestByCnty\annapolis\polygon,SS_HEIGHT,-1,-1;LC "LC" true true false 1 Short 0 1 ,First,#,D:\KSDocuments\SampleWork\GeoData\AnnaValley\ForestByCnty\annapolis\polygon,LC,-1,-1;FLDCHK "FLDCHK" true true false 4 Short 0 4 ,First,#,D:\KSDocuments\SampleWork\GeoData\AnnaValley\ForestByCnty\annapolis\polygon,FLDCHK,-1,-1;COVER_TYPE "COVER_TYPE" true true false 1 Short 0 1 ,First,#,D:\KSDocuments\SampleWork\GeoData\AnnaValley\ForestByCnty\annapolis\polygon,COVER_TYPE,-1,-1;AGE "AGE" true true false 3 Short 0 3 ,First,#,D:\KSDocuments\SampleWork\GeoData\AnnaValley\ForestByCnty\annapolis\polygon,AGE,-1,-1;SITE "SITE" true true false 2 Short 0 2 ,First,#,D:\KSDocuments\SampleWork\GeoData\AnnaValley\ForestByCnty\annapolis\polygon,SITE,-1,-1;MATURITY "MATURITY" true true false 1 Short 0 1 ,First,#,D:\KSDocuments\SampleWork\GeoData\AnnaValley\ForestByCnty\annapolis\polygon,MATURITY,-1,-1;TREAT "TREAT" true true false 5 Long 0 5 ,First,#,D:\KSDocuments\SampleWork\GeoData\AnnaValley\ForestByCnty\annapolis\polygon,TREAT,-1,-1;MAPSHEET "MAPSHEET" true true false 8 Text 0 0 ,First,#,D:\KSDocuments\SampleWork\GeoData\AnnaValley\ForestByCnty\annapolis\polygon,MAPSHEET,-1,-1;STAND_ "STAND_" true true false 5 Long 0 5 ,First,#,D:\KSDocuments\SampleWork\GeoData\AnnaValley\ForestByCnty\annapolis\polygon,STAND#,-1,-1;SP1 "SP1" true true false 2 Text 0 0 ,First,#,D:\KSDocuments\SampleWork\GeoData\AnnaValley\ForestByCnty\annapolis\polygon,SP1,-1,-1;SP1P "SP1P" true true false 2 Short 0 2 ,First,#,D:\KSDocuments\SampleWork\GeoData\AnnaValley\ForestByCnty\annapolis\polygon,SP1P,-1,-1;SP2 "SP2" true true false 2 Text 0 0 ,First,#,D:\KSDocuments\SampleWork\GeoData\AnnaValley\ForestByCnty\annapolis\polygon,SP2,-1,-1;SP2P "SP2P" true true false 2 Short 0 2 ,First,#,D:\KSDocuments\SampleWork\GeoData\AnnaValley\ForestByCnty\annapolis\polygon,SP2P,-1,-1;SP3 "SP3" true true false 2 Text 0 0 ,First,#,D:\KSDocuments\SampleWork\GeoData\AnnaValley\ForestByCnty\annapolis\polygon,SP3,-1,-1;SP3P "SP3P" true true false 2 Short 0 2 ,First,#,D:\KSDocuments\SampleWork\GeoData\AnnaValley\ForestByCnty\annapolis\polygon,SP3P,-1,-1;SP4 "SP4" true true false 2 Text 0 0 ,First,#,D:\KSDocuments\SampleWork\GeoData\AnnaValley\ForestByCnty\annapolis\polygon,SP4,-1,-1;SP4P "SP4P" true true false 2 Short 0 2 ,First,#,D:\KSDocuments\SampleWork\GeoData\AnnaValley\ForestByCnty\annapolis\polygon,SP4P,-1,-1;FORNON "FORNON" true true false 2 Short 0 2 ,First,#,D:\KSDocuments\SampleWork\GeoData\AnnaValley\ForestByCnty\annapolis\polygon,FORNON,-1,-1" #</Process><Process ToolSource="C:\Program Files\ArcGIS\Desktop10.0\ArcToolbox\Toolboxes\Data Management Tools.tbx\Dissolve" Date="20121107" Time="181935">Dissolve D:\KSDocuments\SampleWork\GeoData\AnnapolisCounty\AnnaCoForestUndissolved.shp D:\KSDocuments\SampleWork\GeoData\AnnapolisCounty\AnnaCoForestDissolved.shp FOR_NON # MULTI_PART DISSOLVE_LINES</Process></lineage><copyHistory><copy source="D:\KSDocs\2SampleWork\GeoData\AnnapolisCounty\AnnaCoForestDissolved" dest="\\COLT120B01\D$\KSDocs\2SampleWork\GeoData\AnnapolisCounty\AnnapolisMunicipality\AnnaCoForestDissolved" date="20170116" time="11424400"></copy></copyHistory></DataProperties><SyncDate>20170116</SyncDate><SyncTime>13113500</SyncTime><ModDate>20170116</ModDate><ModTime>13113500</ModTime></Esri><idinfo><citation><citeinfo><onlink Sync="TRUE">\\Agrgsvr1\Project\annavalley\forestbycnty\annapolis</onlink></citeinfo></citation></idinfo><distInfo><distributor><distorTran><onLineSrc><linkage Sync="TRUE">file://\\Agrgsvr1\Project\annavalley\forestbycnty\annapolis</linkage><protocol Sync="TRUE">Local Area Network</protocol></onLineSrc></distorTran></distributor><distFormat><formatName Sync="TRUE">Shapefile</formatName></distFormat><distTranOps><transSize Sync="TRUE">57.548</transSize></distTranOps></distInfo><dataqual><lineage><procstep><procdesc Sync="TRUE">Dataset copied.</procdesc><srcused Sync="TRUE">k:\a_jon_2003\forest\annapolis</srcused><date Sync="TRUE">20031208</date><time Sync="TRUE">13182600</time></procstep></lineage></dataqual><dataIdInfo><envirDesc Sync="TRUE">Microsoft Windows 7 Version 6.1 (Build 7601) Service Pack 1; Esri ArcGIS 10.4.0.5524</envirDesc><dataLang><languageCode value="eng" country="USA"></languageCode><countryCode value="USA" Sync="TRUE"></countryCode></dataLang><idCitation><resTitle Sync="TRUE">AnnaCoForestDissolved</resTitle><presForm><PresFormCd value="005"></PresFormCd></presForm></idCitation><descKeys><thesaName uuidref="723f6998-058e-11dc-8314-0800200c9a66"></thesaName><keyword Sync="TRUE">002</keyword></descKeys><spatRpType><SpatRepTypCd value="001"></SpatRepTypCd></spatRpType><dataExt><geoEle><GeoBndBox esriExtentType="search"><exTypeCode Sync="TRUE">1</exTypeCode><westBL Sync="TRUE">-65.796500</westBL><eastBL Sync="TRUE">-64.763346</eastBL><northBL Sync="TRUE">45.072069</northBL><southBL Sync="TRUE">44.301537</southBL></GeoBndBox></geoEle></dataExt></dataIdInfo><mdLang><languageCode value="eng"></languageCode><countryCode value="USA" Sync="TRUE"></countryCode></mdLang><mdHrLv><ScopeCd value="005"></ScopeCd></mdHrLv><mdHrLvName Sync="TRUE">dataset</mdHrLvName><refSysInfo><RefSystem><refSysID><identCode code="26920"></identCode><idCodeSpace Sync="TRUE">EPSG</idCodeSpace><idVersion Sync="TRUE">7.1.8(3.0.1)</idVersion></refSysID></RefSystem></refSysInfo><spdoinfo><ptvctinf><esriterm Name="AnnaCoForestDissolved"><efeatyp Sync="TRUE">Simple</efeatyp><efeageom code="4" Sync="TRUE"></efeageom><esritopo Sync="TRUE">FALSE</esritopo><efeacnt Sync="TRUE">46</efeacnt><spindex Sync="TRUE">TRUE</spindex><linrefer Sync="TRUE">FALSE</linrefer></esriterm></ptvctinf></spdoinfo><spatRepInfo><VectSpatRep><geometObjs Name="AnnaCoForestDissolved"><geoObjTyp><GeoObjTypCd value="002" Sync="TRUE"></GeoObjTypCd></geoObjTyp><geoObjCnt Sync="TRUE">46</geoObjCnt></geometObjs><topLvl><TopoLevCd value="001" Sync="TRUE"></TopoLevCd></topLvl></VectSpatRep></spatRepInfo><eainfo><detailed Name="AnnaCoForestDissolved"><enttyp><enttypl Sync="TRUE">AnnaCoForestDissolved</enttypl><enttypt Sync="TRUE">Feature Class</enttypt><enttypc Sync="TRUE">46</enttypc></enttyp><attr><attrlabl Sync="TRUE">FID</attrlabl><attalias Sync="TRUE">FID</attalias><attrtype Sync="TRUE">OID</attrtype><attwidth Sync="TRUE">4</attwidth><atprecis Sync="TRUE">0</atprecis><attscale Sync="TRUE">0</attscale><attrdef Sync="TRUE">Internal feature number.</attrdef><attrdefs Sync="TRUE">ESRI</attrdefs><attrdomv><udom Sync="TRUE">Sequential unique whole numbers that are automatically generated.</udom></attrdomv></attr><attr><attrlabl Sync="TRUE">Shape</attrlabl><attalias Sync="TRUE">Shape</attalias><attrtype Sync="TRUE">Geometry</attrtype><attwidth Sync="TRUE">0</attwidth><atprecis Sync="TRUE">0</atprecis><attscale Sync="TRUE">0</attscale><attrdef Sync="TRUE">Feature geometry.</attrdef><attrdefs Sync="TRUE">ESRI</attrdefs><attrdomv><udom Sync="TRUE">Coordinates defining the features.</udom></attrdomv></attr><attr><attrlabl Sync="TRUE">FOR_NON</attrlabl><attalias Sync="TRUE">FOR_NON</attalias><attrtype Sync="TRUE">SmallInteger</attrtype><attwidth Sync="TRUE">4</attwidth><atprecis Sync="TRUE">4</atprecis><attscale Sync="TRUE">0</attscale></attr></detailed></eainfo><mdDateSt Sync="TRUE">20170116</mdDateSt></metadata>
