<?xml version="1.0"?>
<!--<!DOCTYPE metadata SYSTEM "http://www.esri.com/metadata/esriprof80.dtd">-->
<metadata xml:lang="en"><Esri><MetaID>{E094ED5D-EB79-4481-9910-6DD128EF94D6}</MetaID><CreaDate>20091129</CreaDate><CreaTime>20013900</CreaTime><SyncOnce>FALSE</SyncOnce><SyncDate>20091129</SyncDate><SyncTime>20013900</SyncTime><ModDate>20091129</ModDate><ModTime>20013900</ModTime></Esri><idinfo><native Sync="TRUE">Microsoft Windows XP Version 5.1 (Build 2600) Service Pack 3; ESRI ArcCatalog 9.3.1.3000</native><descript><langdata Sync="TRUE">en</langdata><abstract>REQUIRED: A brief narrative summary of the data set.</abstract><purpose>REQUIRED: A summary of the intentions with which the data set was developed.</purpose></descript><citation><citeinfo><origin>REQUIRED: The name of an organization or individual that developed the data set.</origin><pubdate>REQUIRED: The date when the data set is published or otherwise made available for release.</pubdate><title Sync="TRUE">Nova_Scotia_NRN_line</title><ftname Sync="TRUE">Nova_Scotia_NRN_line</ftname><geoform Sync="TRUE">vector digital data</geoform><onlink Sync="TRUE">\\AN311701-LT\D$\KSDocuments\SampleWork\GeoData\AnnapolisMunicipality\Nova_Scotia_NRN_line.shp</onlink></citeinfo></citation><timeperd><current>REQUIRED: The basis on which the time period of content information is determined.</current><timeinfo><sngdate><caldate>REQUIRED: The year (and optionally month, or month and day) for which the data set corresponds to the ground.</caldate></sngdate></timeinfo></timeperd><status><progress>REQUIRED: The state of the data set.</progress><update>REQUIRED: The frequency with which changes and additions are made to the data set after the initial data set is completed.</update></status><spdom><bounding><westbc Sync="TRUE">-65.776706</westbc><eastbc Sync="TRUE">-64.772111</eastbc><northbc Sync="TRUE">45.065092</northbc><southbc Sync="TRUE">44.380255</southbc></bounding><lboundng><leftbc Sync="TRUE">281326.000000</leftbc><rightbc Sync="TRUE">358878.865000</rightbc><bottombc Sync="TRUE">4917773.600000</bottombc><topbc Sync="TRUE">4991744.300000</topbc></lboundng></spdom><keywords><theme><themekt>REQUIRED: Reference to a formally registered thesaurus or a similar authoritative source of theme keywords.</themekt><themekey>REQUIRED: Common-use word or phrase used to describe the subject of the data set.</themekey></theme></keywords><accconst>REQUIRED: Restrictions and legal prerequisites for accessing the data set.</accconst><useconst>REQUIRED: Restrictions and legal prerequisites for using the data set after access is granted.</useconst><natvform Sync="TRUE">Shapefile</natvform></idinfo><dataIdInfo><envirDesc Sync="TRUE">Microsoft Windows XP Version 5.1 (Build 2600) Service Pack 3; ESRI ArcCatalog 9.3.1.3000</envirDesc><dataLang><languageCode Sync="TRUE" value="en"></languageCode></dataLang><idCitation><resTitle Sync="TRUE">Nova_Scotia_NRN_line</resTitle><presForm><PresFormCd Sync="TRUE" value="005"></PresFormCd></presForm></idCitation><spatRpType><SpatRepTypCd Sync="TRUE" value="001"></SpatRepTypCd></spatRpType><dataExt><geoEle><GeoBndBox esriExtentType="native"><westBL Sync="TRUE">281326</westBL><eastBL Sync="TRUE">358878.865</eastBL><northBL Sync="TRUE">4991744.3</northBL><southBL Sync="TRUE">4917773.6</southBL><exTypeCode Sync="TRUE">1</exTypeCode></GeoBndBox></geoEle></dataExt><geoBox esriExtentType="decdegrees"><westBL Sync="TRUE">-65.776706</westBL><eastBL Sync="TRUE">-64.772111</eastBL><northBL Sync="TRUE">45.065092</northBL><southBL Sync="TRUE">44.380255</southBL><exTypeCode Sync="TRUE">1</exTypeCode></geoBox></dataIdInfo><metainfo><langmeta Sync="TRUE">en</langmeta><metstdn Sync="TRUE">FGDC Content Standards for Digital Geospatial Metadata</metstdn><metstdv Sync="TRUE">FGDC-STD-001-1998</metstdv><mettc Sync="TRUE">local time</mettc><metextns><onlink Sync="TRUE">http://www.esri.com/metadata/esriprof80.html</onlink><metprof Sync="TRUE">ESRI Metadata Profile</metprof></metextns><metc><cntinfo><cntorgp><cntper>REQUIRED: The person responsible for the metadata information.</cntper><cntorg>REQUIRED: The organization responsible for the metadata information.</cntorg></cntorgp><cntaddr><addrtype>REQUIRED: The mailing and/or physical address for the organization or individual.</addrtype><city>REQUIRED: The city of the address.</city><state>REQUIRED: The state or province of the address.</state><postal>REQUIRED: The ZIP or other postal code of the address.</postal></cntaddr><cntvoice>REQUIRED: The telephone number by which individuals can speak to the organization or individual.</cntvoice></cntinfo></metc><metd Sync="TRUE">20091129</metd></metainfo><mdLang><languageCode Sync="TRUE" value="en"></languageCode></mdLang><mdStanName Sync="TRUE">ISO 19115 Geographic Information - Metadata</mdStanName><mdStanVer Sync="TRUE">DIS_ESRI1.0</mdStanVer><mdChar><CharSetCd Sync="TRUE" value="004"></CharSetCd></mdChar><mdHrLv><ScopeCd Sync="TRUE" value="005"></ScopeCd></mdHrLv><mdHrLvName Sync="TRUE">dataset</mdHrLvName><distinfo><resdesc Sync="TRUE">Downloadable Data</resdesc><stdorder><digform><digtinfo><transize Sync="TRUE">2.495</transize><dssize Sync="TRUE">2.495</dssize></digtinfo></digform></stdorder></distinfo><distInfo><distributor><distorTran><onLineSrc><orDesc Sync="TRUE">002</orDesc><linkage Sync="TRUE">file://\\AN311701-LT\D$\KSDocuments\SampleWork\GeoData\AnnapolisMunicipality\Nova_Scotia_NRN_line.shp</linkage><protocol Sync="TRUE">Local Area Network</protocol></onLineSrc><transSize Sync="TRUE">2.495</transSize></distorTran><distorFormat><formatName Sync="TRUE">Shapefile</formatName></distorFormat></distributor></distInfo><spdoinfo><direct Sync="TRUE">Vector</direct><ptvctinf><esriterm Name="Nova_Scotia_NRN_line"><efeatyp Sync="TRUE">Simple</efeatyp><efeageom Sync="TRUE">Polyline</efeageom><esritopo Sync="TRUE">FALSE</esritopo><efeacnt Sync="TRUE">4134</efeacnt><spindex Sync="TRUE">FALSE</spindex><linrefer Sync="TRUE">FALSE</linrefer></esriterm><sdtsterm Name="Nova_Scotia_NRN_line"><sdtstype Sync="TRUE">String</sdtstype><ptvctcnt Sync="TRUE">4134</ptvctcnt></sdtsterm></ptvctinf></spdoinfo><spref><horizsys><cordsysn><geogcsn Sync="TRUE">GCS_North_American_1983_CSRS</geogcsn><projcsn Sync="TRUE">NAD_1983_CSRS_UTM_Zone_20N</projcsn></cordsysn><planar><mapproj><mapprojn Sync="TRUE">Transverse Mercator</mapprojn><transmer><sfctrmer Sync="TRUE">0.999600</sfctrmer><longcm Sync="TRUE">-63.000000</longcm><latprjo Sync="TRUE">0.000000</latprjo><feast Sync="TRUE">500000.000000</feast><fnorth Sync="TRUE">0.000000</fnorth></transmer></mapproj><planci><plance Sync="TRUE">coordinate pair</plance><plandu Sync="TRUE">meters</plandu><coordrep><absres Sync="TRUE">0.000000</absres><ordres Sync="TRUE">0.000000</ordres></coordrep></planci></planar><geodetic><horizdn Sync="TRUE">D_North_American_1983_CSRS</horizdn><ellips Sync="TRUE">Geodetic Reference System 80</ellips><semiaxis Sync="TRUE">6378137.000000</semiaxis><denflat Sync="TRUE">298.257222</denflat></geodetic></horizsys></spref><refSysInfo><RefSystem><refSysID><identCode Sync="TRUE">NAD_1983_CSRS_UTM_Zone_20N</identCode></refSysID></RefSystem></refSysInfo><spatRepInfo><VectSpatRep><topLvl><TopoLevCd Sync="TRUE" value="001"></TopoLevCd></topLvl><geometObjs Name="Nova_Scotia_NRN_line"><geoObjTyp><GeoObjTypCd Sync="TRUE" value="001"></GeoObjTypCd></geoObjTyp><geoObjCnt Sync="TRUE">4134</geoObjCnt></geometObjs></VectSpatRep></spatRepInfo><eainfo><detailed Name="Nova_Scotia_NRN_line"><enttyp><enttypl Sync="TRUE">Nova_Scotia_NRN_line</enttypl><enttypt Sync="TRUE">Feature Class</enttypt><enttypc Sync="TRUE">4134</enttypc></enttyp><attr><attrlabl Sync="TRUE">FID</attrlabl><attalias Sync="TRUE">FID</attalias><attrtype Sync="TRUE">OID</attrtype><attwidth Sync="TRUE">4</attwidth><atprecis Sync="TRUE">0</atprecis><attscale Sync="TRUE">0</attscale><attrdef Sync="TRUE">Internal feature number.</attrdef><attrdefs Sync="TRUE">ESRI</attrdefs><attrdomv><udom Sync="TRUE">Sequential unique whole numbers that are automatically generated.</udom></attrdomv></attr><attr><attrlabl Sync="TRUE">Shape</attrlabl><attalias Sync="TRUE">Shape</attalias><attrtype Sync="TRUE">Geometry</attrtype><attwidth Sync="TRUE">0</attwidth><atprecis Sync="TRUE">0</atprecis><attscale Sync="TRUE">0</attscale><attrdef Sync="TRUE">Feature geometry.</attrdef><attrdefs Sync="TRUE">ESRI</attrdefs><attrdomv><udom Sync="TRUE">Coordinates defining the features.</udom></attrdomv></attr><attr><attrlabl Sync="TRUE">NBRLANES</attrlabl><attalias Sync="TRUE">NBRLANES</attalias><attrtype Sync="TRUE">Number</attrtype><attwidth Sync="TRUE">31</attwidth><atnumdec Sync="TRUE">15</atnumdec></attr><attr><attrlabl Sync="TRUE">DATASETNAM</attrlabl><attalias Sync="TRUE">DATASETNAM</attalias><attrtype Sync="TRUE">Number</attrtype><attwidth Sync="TRUE">31</attwidth><atnumdec Sync="TRUE">15</atnumdec></attr><attr><attrlabl Sync="TRUE">RTENAME4EN</attrlabl><attalias Sync="TRUE">RTENAME4EN</attalias><attrtype Sync="TRUE">String</attrtype><attwidth Sync="TRUE">100</attwidth></attr><attr><attrlabl Sync="TRUE">RTENAME3EN</attrlabl><attalias Sync="TRUE">RTENAME3EN</attalias><attrtype Sync="TRUE">String</attrtype><attwidth Sync="TRUE">100</attwidth></attr><attr><attrlabl Sync="TRUE">RTENAME2EN</attrlabl><attalias Sync="TRUE">RTENAME2EN</attalias><attrtype Sync="TRUE">String</attrtype><attwidth Sync="TRUE">100</attwidth></attr><attr><attrlabl Sync="TRUE">RTENAME1EN</attrlabl><attalias Sync="TRUE">RTENAME1EN</attalias><attrtype Sync="TRUE">String</attrtype><attwidth Sync="TRUE">100</attwidth></attr><attr><attrlabl Sync="TRUE">LENGTH</attrlabl><attalias Sync="TRUE">LENGTH</attalias><attrtype Sync="TRUE">Number</attrtype><attwidth Sync="TRUE">31</attwidth><atnumdec Sync="TRUE">15</atnumdec></attr><attr><attrlabl Sync="TRUE">ACQREVDATE</attrlabl><attalias Sync="TRUE">ACQREVDATE</attalias><attrtype Sync="TRUE">String</attrtype><attwidth Sync="TRUE">7</attwidth></attr><attr><attrlabl Sync="TRUE">ACCURACY</attrlabl><attalias Sync="TRUE">ACCURACY</attalias><attrtype Sync="TRUE">Number</attrtype><attwidth Sync="TRUE">31</attwidth><atnumdec Sync="TRUE">15</atnumdec></attr><attr><attrlabl Sync="TRUE">OBJECTID_1</attrlabl><attalias Sync="TRUE">OBJECTID_1</attalias><attrtype Sync="TRUE">Number</attrtype><attwidth Sync="TRUE">11</attwidth></attr><attr><attrlabl Sync="TRUE">ACQPROVIDR</attrlabl><attalias Sync="TRUE">ACQPROVIDR</attalias><attrtype Sync="TRUE">Number</attrtype><attwidth Sync="TRUE">31</attwidth><atnumdec Sync="TRUE">15</atnumdec></attr><attr><attrlabl Sync="TRUE">OBJECTID</attrlabl><attalias Sync="TRUE">OBJECTID</attalias><attrtype Sync="TRUE">Number</attrtype><attwidth Sync="TRUE">11</attwidth></attr><attr><attrlabl Sync="TRUE">ROADSEGID</attrlabl><attalias Sync="TRUE">ROADSEGID</attalias><attrtype Sync="TRUE">Number</attrtype><attwidth Sync="TRUE">11</attwidth></attr><attr><attrlabl Sync="TRUE">NATRDCLASS</attrlabl><attalias Sync="TRUE">NATRDCLASS</attalias><attrtype Sync="TRUE">Number</attrtype><attwidth Sync="TRUE">31</attwidth><atnumdec Sync="TRUE">15</atnumdec></attr><attr><attrlabl Sync="TRUE">ACQTECH</attrlabl><attalias Sync="TRUE">ACQTECH</attalias><attrtype Sync="TRUE">Number</attrtype><attwidth Sync="TRUE">31</attwidth><atnumdec Sync="TRUE">15</atnumdec></attr><attr><attrlabl Sync="TRUE">PAVSURF</attrlabl><attalias Sync="TRUE">PAVSURF</attalias><attrtype Sync="TRUE">Number</attrtype><attwidth Sync="TRUE">31</attwidth><atnumdec Sync="TRUE">15</atnumdec></attr><attr><attrlabl Sync="TRUE">FEAT_COMP</attrlabl><attalias Sync="TRUE">FEAT_COMP</attalias><attrtype Sync="TRUE">String</attrtype><attwidth Sync="TRUE">12</attwidth></attr><attr><attrlabl Sync="TRUE">PROVKEY</attrlabl><attalias Sync="TRUE">PROVKEY</attalias><attrtype Sync="TRUE">String</attrtype><attwidth Sync="TRUE">12</attwidth></attr><attr><attrlabl Sync="TRUE">SPECVERS</attrlabl><attalias Sync="TRUE">SPECVERS</attalias><attrtype Sync="TRUE">String</attrtype><attwidth Sync="TRUE">5</attwidth></attr><attr><attrlabl Sync="TRUE">MAXZ</attrlabl><attalias Sync="TRUE">MAXZ</attalias><attrtype Sync="TRUE">Number</attrtype><attwidth Sync="TRUE">31</attwidth><atnumdec Sync="TRUE">15</atnumdec></attr><attr><attrlabl Sync="TRUE">FILENAME</attrlabl><attalias Sync="TRUE">FILENAME</attalias><attrtype Sync="TRUE">String</attrtype><attwidth Sync="TRUE">12</attwidth></attr><attr><attrlabl Sync="TRUE">RTNUMBER5</attrlabl><attalias Sync="TRUE">RTNUMBER5</attalias><attrtype Sync="TRUE">String</attrtype><attwidth Sync="TRUE">10</attwidth></attr><attr><attrlabl Sync="TRUE">RTNUMBER4</attrlabl><attalias Sync="TRUE">RTNUMBER4</attalias><attrtype Sync="TRUE">String</attrtype><attwidth Sync="TRUE">10</attwidth></attr><attr><attrlabl Sync="TRUE">RTNUMBER3</attrlabl><attalias Sync="TRUE">RTNUMBER3</attalias><attrtype Sync="TRUE">String</attrtype><attwidth Sync="TRUE">10</attwidth></attr><attr><attrlabl Sync="TRUE">RTNUMBER2</attrlabl><attalias Sync="TRUE">RTNUMBER2</attalias><attrtype Sync="TRUE">String</attrtype><attwidth Sync="TRUE">10</attwidth></attr><attr><attrlabl Sync="TRUE">RTNUMBER1</attrlabl><attalias Sync="TRUE">RTNUMBER1</attalias><attrtype Sync="TRUE">String</attrtype><attwidth Sync="TRUE">10</attwidth></attr><attr><attrlabl Sync="TRUE">PAVSTATUS</attrlabl><attalias Sync="TRUE">PAVSTATUS</attalias><attrtype Sync="TRUE">Number</attrtype><attwidth Sync="TRUE">31</attwidth><atnumdec Sync="TRUE">15</atnumdec></attr><attr><attrlabl Sync="TRUE">NID</attrlabl><attalias Sync="TRUE">NID</attalias><attrtype Sync="TRUE">String</attrtype><attwidth Sync="TRUE">32</attwidth></attr><attr><attrlabl Sync="TRUE">FEAT_CODE</attrlabl><attalias Sync="TRUE">FEAT_CODE</attalias><attrtype Sync="TRUE">String</attrtype><attwidth Sync="TRUE">12</attwidth></attr><attr><attrlabl Sync="TRUE">MINZ</attrlabl><attalias Sync="TRUE">MINZ</attalias><attrtype Sync="TRUE">Number</attrtype><attwidth Sync="TRUE">31</attwidth><atnumdec Sync="TRUE">15</atnumdec></attr><attr><attrlabl Sync="TRUE">UNPAVSURF</attrlabl><attalias Sync="TRUE">UNPAVSURF</attalias><attrtype Sync="TRUE">Number</attrtype><attwidth Sync="TRUE">31</attwidth><atnumdec Sync="TRUE">15</atnumdec></attr><attr><attrlabl Sync="TRUE">STRUNAMEEN</attrlabl><attalias Sync="TRUE">STRUNAMEEN</attalias><attrtype Sync="TRUE">String</attrtype><attwidth Sync="TRUE">100</attwidth></attr><attr><attrlabl Sync="TRUE">RTENAME4FR</attrlabl><attalias Sync="TRUE">RTENAME4FR</attalias><attrtype Sync="TRUE">String</attrtype><attwidth Sync="TRUE">100</attwidth></attr><attr><attrlabl Sync="TRUE">RTENAME3FR</attrlabl><attalias Sync="TRUE">RTENAME3FR</attalias><attrtype Sync="TRUE">String</attrtype><attwidth Sync="TRUE">100</attwidth></attr><attr><attrlabl Sync="TRUE">EXITNBR</attrlabl><attalias Sync="TRUE">EXITNBR</attalias><attrtype Sync="TRUE">String</attrtype><attwidth Sync="TRUE">10</attwidth></attr><attr><attrlabl Sync="TRUE">RTENAME2FR</attrlabl><attalias Sync="TRUE">RTENAME2FR</attalias><attrtype Sync="TRUE">String</attrtype><attwidth Sync="TRUE">100</attwidth></attr><attr><attrlabl Sync="TRUE">RTENAME1FR</attrlabl><attalias Sync="TRUE">RTENAME1FR</attalias><attrtype Sync="TRUE">String</attrtype><attwidth Sync="TRUE">100</attwidth></attr><attr><attrlabl Sync="TRUE">PLANLENGTH</attrlabl><attalias Sync="TRUE">PLANLENGTH</attalias><attrtype Sync="TRUE">Number</attrtype><attwidth Sync="TRUE">31</attwidth><atnumdec Sync="TRUE">15</atnumdec></attr><attr><attrlabl Sync="TRUE">STRUNAMEFR</attrlabl><attalias Sync="TRUE">STRUNAMEFR</attalias><attrtype Sync="TRUE">String</attrtype><attwidth Sync="TRUE">100</attwidth></attr><attr><attrlabl Sync="TRUE">STRUCTTYPE</attrlabl><attalias Sync="TRUE">STRUCTTYPE</attalias><attrtype Sync="TRUE">Number</attrtype><attwidth Sync="TRUE">31</attwidth><atnumdec Sync="TRUE">15</atnumdec></attr><attr><attrlabl Sync="TRUE">STRUCTID</attrlabl><attalias Sync="TRUE">STRUCTID</attalias><attrtype Sync="TRUE">String</attrtype><attwidth Sync="TRUE">32</attwidth></attr></detailed></eainfo><mdDateSt Sync="TRUE">20091129</mdDateSt></metadata>
